NODEID,PRICE,CONSTRUCTEDAREA,ROOMNUMBER,BATHNUMBER,HASTERRACE,HASLIFT,HASAIRCONDITIONING,HASPARKINGSPACE,HASNORTHORIENTATION,HASSOUTHORIENTATION,HASEASTORIENTATION,HASWESTORIENTATION,HASBOXROOM,HASWARDROBE,HASSWIMMINGPOOL,HASDOORMAN,HASGARDEN,ISDUPLEX,ISSTUDIO,ISINTOPFLOOR,FLOORCLEAN,CADMAXBUILDINGFLOOR,CADASTRALQUALITYID,BUILTTYPEID_1,BUILTTYPEID_2,BUILTTYPEID_3,DISTANCE_TO_CITY_CENTER,DISTANCE_TO_METRO,DISTANCE_TO_BLASCO,LONGITUDE,LATITUDE,ANTIQUITY,NEIGHBOURID
281,198000,0.1081081081081081,0.037037037037037,0.1666666666666666,0,1,1,0,0,0,1,0,0,1,0,0,0,0,0,0,0.5833333333333334,0.2121212121212121,0.5555555555555556,0,0,1,0.5821814582296543,0.1747595338944592,0.0203398405811087,-0.338217554611058,39.4702308695948,0.0702576112412178,76
282,91000,0.0619369369369369,0.037037037037037,0.0833333333333333,0,1,0,0,0,0,0,0,0,0,0,0,0,0,0,0,0.0833333333333333,0.2727272727272727,0.0,0,0,1,0.6123164261945042,0.2478409655844456,0.0167008142112029,-0.336279609696311,39.4713666093945,0.0960187353629976,76
283,75000,0.0563063063063063,0.037037037037037,0.0833333333333333,0,0,1,0,1,1,0,0,0,1,0,0,0,0,0,0,0.3333333333333333,0.1515151515151515,0.2222222222222222,0,0,1,0.6463306075360961,0.3957366487422174,0.1124671137888688,-0.334654101262725,39.4755814608277,0.1241217798594847,76
9170,72000,0.0518018018018018,0.0246913580246913,0.0833333333333333,0,0,1,0,0,0,0,0,0,0,0,0,0,0,0,0,0.4166666666666666,0.1515151515151515,0.2222222222222222,0,0,1,0.6420085593668086,0.3892013063307066,0.1096304835686091,-0.334934557451503,39.475542849574,0.1241217798594847,76
9171,103000,0.0563063063063063,0.037037037037037,0.0833333333333333,0,1,0,0,0,0,0,0,0,0,0,0,0,0,0,0,0.25,0.2121212121212121,0.3333333333333333,0,0,1,0.6176279115299336,0.2837727084770574,0.0439556742471899,-0.336045361572605,39.4726314718441,0.1124121779859484,76
9173,184000,0.125,0.0493827160493827,0.1666666666666666,0,1,1,1,0,0,0,1,0,1,0,0,0,0,0,0,0.3333333333333333,0.1515151515151515,0.5555555555555556,0,0,1,0.6153265427357072,0.1887537176645345,0.0236268569117798,-0.336033094867495,39.4692979569063,0.0421545667447306,76
9174,158000,0.0608108108108108,0.0246913580246913,0.0833333333333333,0,1,1,0,0,0,0,0,0,1,0,0,0,0,0,0,0.4166666666666666,0.1818181818181818,0.5555555555555556,0,0,1,0.634650367239282,0.3032769872141351,0.0444844506609021,-0.334883730378074,39.4723075481632,0.0327868852459016,76
9175,254000,0.1328828828828828,0.0493827160493827,0.1666666666666666,1,1,1,0,0,0,0,1,0,1,0,0,0,0,0,0,0.5833333333333334,0.1818181818181818,0.4444444444444444,0,0,1,0.5648850116323223,0.1351858653925938,0.0385496853002956,-0.339353007295536,39.469716347071,0.0866510538641686,76
9176,121000,0.0743243243243243,0.037037037037037,0.0833333333333333,0,1,1,0,0,0,0,0,0,0,0,0,0,0,0,0,0.75,0.2727272727272727,0.1111111111111111,0,0,1,0.6081544146282837,0.2463737603842693,0.0213996988014002,-0.336572285080677,39.4716165537309,0.0772833723653395,76
9177,74000,0.0574324324324324,0.037037037037037,0.0833333333333333,0,0,0,0,0,0,0,0,0,1,0,0,0,0,0,0,0.4999999999999999,0.1515151515151515,0.2222222222222222,0,0,1,0.6301236802785218,0.3762683781999443,0.1060009180954228,-0.335745824513471,39.4756064962573,0.1241217798594847,76
9178,171000,0.0833333333333333,0.037037037037037,0.1666666666666666,0,1,0,0,0,0,0,0,0,0,0,0,0,0,0,0,0.3333333333333333,0.303030303030303,0.5555555555555556,0,0,1,0.578788233296352,0.1830682179919253,0.0151505944349339,-0.338461665780696,39.4708400465856,0.0843091334894613,76
9179,175000,0.1204954954954954,0.0493827160493827,0.1666666666666666,0,1,0,0,0,0,1,1,0,1,0,0,0,0,0,0,0.25,0.2121212121212121,0.5555555555555556,0,0,1,0.6096139159768277,0.2634716290297495,0.0326314669897962,-0.336535600445126,39.4722733508994,0.0608899297423887,76
9180,70000,0.0574324324324324,0.037037037037037,0.0833333333333333,0,0,1,0,0,0,0,0,0,1,0,0,0,0,0,0,0.4999999999999999,0.1515151515151515,0.2222222222222222,0,0,1,0.6278747673815375,0.3558225265489612,0.0921598067147245,-0.335747678167105,39.4749489011632,0.1241217798594847,76
9181,174000,0.063063063063063,0.037037037037037,0.1666666666666666,0,1,1,0,0,0,0,1,1,1,0,0,0,0,0,0,0.5833333333333334,0.2424242424242424,0.5555555555555556,0,0,1,0.596591419205709,0.1983141561942784,0.0189755949685186,-0.337266644892416,39.4701730499529,0.0772833723653395,76
9182,131000,0.1081081081081081,0.037037037037037,0.0833333333333333,0,1,1,0,0,0,1,0,0,1,0,0,0,0,0,0,0.6666666666666666,0.2727272727272727,0.1111111111111111,0,0,1,0.6115534565656626,0.2524438025834974,0.0229633198511054,-0.336350256110485,39.4716474996631,0.0772833723653395,76
9183,55000,0.0506756756756756,0.0246913580246913,0.0833333333333333,0,0,0,0,0,0,0,0,0,0,0,0,0,0,0,0,0.4999999999999999,0.1515151515151515,0.2222222222222222,0,0,1,0.636582949933222,0.3705601538219257,0.0986197252918601,-0.33519597941781,39.475089399412,0.0585480093676815,76
9184,114000,0.1024774774774774,0.037037037037037,0.0833333333333333,1,1,1,0,0,0,0,0,0,1,0,0,0,0,0,0,0.1666666666666666,0.2121212121212121,0.3333333333333333,0,0,1,0.6320774145845923,0.3094881613480465,0.0524403319421298,-0.335109058318126,39.4727991874465,0.0960187353629976,76
9185,221000,0.1081081081081081,0.0493827160493827,0.1666666666666666,0,1,1,1,0,1,1,1,0,1,0,0,0,0,0,0,0.5833333333333334,0.2121212121212121,0.5555555555555556,0,0,1,0.5918691457562837,0.1740506344465979,0.0363828514500411,-0.337579689973217,39.469279348103,0.0655737704918032,76
9186,82000,0.0518018018018018,0.037037037037037,0.0833333333333333,0,0,0,0,0,0,0,0,0,0,0,0,0,0,0,0,0.1666666666666666,0.1212121212121212,0.3333333333333333,0,0,1,0.6430262417569287,0.3560273684626615,0.0834081329899973,-0.334581343898742,39.4741383947058,0.1241217798594847,76
9187,123000,0.063063063063063,0.037037037037037,0.0833333333333333,0,1,1,0,0,0,0,0,1,0,0,0,0,0,0,1,0.75,0.2727272727272727,0.1111111111111111,0,0,1,0.6151652203097563,0.2460304410321992,0.0098451989413599,-0.336071664706764,39.4710285193128,0.0772833723653395,76
9188,67000,0.0574324324324324,0.037037037037037,0.0833333333333333,0,0,0,0,0,0,0,0,0,1,0,0,0,0,0,0,0.4999999999999999,0.1515151515151515,0.2222222222222222,0,0,1,0.6318390307289036,0.3804549915984238,0.1081650157281405,-0.335649819426429,39.4756853736797,0.1241217798594847,76
9189,202000,0.1024774774774774,0.0493827160493827,0.1666666666666666,0,1,1,0,0,0,0,0,0,1,0,0,0,0,0,0,0.5833333333333334,0.2424242424242424,0.5555555555555556,0,0,1,0.5988975796340987,0.21240620158764,0.0101953798628924,-0.337129912153014,39.4707104413826,0.0772833723653395,76
9190,201000,0.125,0.0493827160493827,0.1666666666666666,0,1,1,1,0,0,0,0,0,1,0,0,0,0,0,0,0.25,0.2121212121212121,0.5555555555555556,0,0,1,0.598069552429309,0.1985416511804175,0.0192856072513342,-0.337167276229627,39.4700356419009,0.063231850117096,76
9191,154000,0.0844594594594594,0.037037037037037,0.1666666666666666,0,1,1,1,0,0,1,0,0,1,0,0,0,0,0,0,0.3333333333333333,0.1212121212121212,0.4444444444444444,0,0,1,0.6388171077109411,0.3236177708558729,0.0589392420682688,-0.334684094554397,39.4729696159483,0.0421545667447306,76
9192,70000,0.0518018018018018,0.037037037037037,0.0833333333333333,1,0,0,0,0,0,1,0,0,0,0,0,0,0,0,0,0.0833333333333333,0.1515151515151515,0.2222222222222222,0,0,1,0.611143586232776,0.1909647134632412,0.0242618676699544,-0.336306312778934,39.4694483596741,0.1358313817330211,76
9193,134000,0.072072072072072,0.0246913580246913,0.1666666666666666,0,1,1,0,0,0,1,1,0,1,0,0,0,0,0,0,0.3333333333333333,0.1818181818181818,0.5555555555555556,0,0,1,0.6271345472185488,0.2916567584304402,0.0409915108482668,-0.335382768615916,39.4723280008952,0.018735362997658,76
9194,187000,0.1497747747747747,0.0493827160493827,0.1666666666666666,0,0,1,0,0,0,0,0,0,1,0,0,0,0,0,0,0.1666666666666666,0.0909090909090909,0.2222222222222222,0,0,1,0.6320121695686641,0.3088016761110081,0.0518798821726643,-0.335110089228568,39.4727721848788,0.1592505854800937,76
9195,66000,0.0709459459459459,0.037037037037037,0.0833333333333333,1,0,0,0,1,1,0,0,0,0,0,0,0,0,0,0,0.3333333333333333,0.1212121212121212,0.2222222222222222,0,0,1,0.646437166611352,0.3854340032132544,0.1051076106519095,-0.334553772658223,39.4751647578857,0.1241217798594847,76
9196,101000,0.0484234234234234,0.037037037037037,0.0833333333333333,0,0,1,0,0,0,0,1,0,0,0,0,0,0,0,0,0.25,0.2121212121212121,0.3333333333333333,0,0,1,0.6101790914547035,0.2825470018200096,0.0470806634638892,-0.336588389464046,39.4730222861116,0.1124121779859484,76
9197,71000,0.0675675675675675,0.037037037037037,0.0833333333333333,0,0,1,0,0,0,0,0,0,1,0,0,0,0,0,0,0.3333333333333333,0.1515151515151515,0.3333333333333333,0,1,0,0.6271882460134904,0.3054115508860732,0.0537473294226351,-0.335451969239069,39.4729511904912,0.1241217798594847,76
9198,220000,0.1081081081081081,0.0246913580246913,0.1666666666666666,1,1,1,0,0,0,1,1,0,1,0,0,0,0,0,0,0.4166666666666666,0.1818181818181818,0.5555555555555556,0,0,1,0.6202212912545791,0.268959372668129,0.0269779315715739,-0.335787658521551,39.4717697337922,0.0234192037470725,76
9199,179000,0.1204954954954954,0.0493827160493827,0.1666666666666666,0,1,1,0,0,0,0,1,0,1,0,0,0,0,0,0,0.25,0.2121212121212121,0.5555555555555556,0,0,1,0.6035453581321814,0.2474055364105845,0.0236809900887075,-0.336907295714615,39.4719755724156,0.0608899297423887,76
9200,63000,0.0574324324324324,0.037037037037037,0.0833333333333333,0,0,0,0,0,0,0,0,0,0,0,0,0,0,0,0,0.3333333333333333,0.1515151515151515,0.2222222222222222,0,1,0,0.6402146617651719,0.351886870037755,0.0822551035379662,-0.334767508883915,39.4741336559141,0.1241217798594847,76
9201,159000,0.0743243243243243,0.037037037037037,0.1666666666666666,0,1,1,1,0,0,0,0,0,1,0,0,0,0,0,0,0.1666666666666666,0.1212121212121212,0.5555555555555556,0,0,1,0.631802415007416,0.2931424999874228,0.0378477234472391,-0.335045359037945,39.4720319840373,0.0304449648711943,76
9202,198000,0.0855855855855855,0.037037037037037,0.1666666666666666,0,1,1,1,0,1,0,1,1,0,0,0,0,0,0,0,0.5833333333333334,0.0303030303030303,0.1111111111111111,0,0,1,0.6123764307957691,0.2977137041660399,0.057452015466035,-0.336512117736075,39.4734980010616,0.0351288056206089,76
9203,109000,0.0743243243243243,0.037037037037037,0.0833333333333333,1,0,1,0,1,0,0,0,0,0,0,0,0,0,0,0,0.3333333333333333,0.1212121212121212,0.2222222222222222,0,0,1,0.6319421533721983,0.3577458529117521,0.0914900572151298,-0.335450181912384,39.4748249664781,0.1241217798594847,76
9204,79000,0.0709459459459459,0.037037037037037,0.0833333333333333,0,0,0,0,0,0,0,0,0,1,0,0,0,0,0,0,0.25,0.1515151515151515,0.2222222222222222,0,0,1,0.642874648411984,0.3414624911073397,0.0710755047001782,-0.334489266778873,39.473505671293,0.1241217798594847,76
9205,92000,0.0698198198198198,0.037037037037037,0.0833333333333333,0,0,0,0,0,0,0,0,0,0,0,0,0,0,0,0,0.25,0.1212121212121212,0.2222222222222222,0,0,1,0.6273848973661527,0.3414889684177787,0.0818138615295089,-0.335674694502223,39.4744247212115,0.1241217798594847,76
9774,94000,0.0653153153153153,0.037037037037037,0.0833333333333333,0,1,1,0,1,0,0,0,0,0,0,0,0,0,0,0,0.25,0.2727272727272727,0.5555555555555556,0,0,1,0.5725809321505697,0.1519334975702773,0.0325982978694307,-0.33884609384662,39.469902932405,0.0702576112412178,76
9783,183000,0.1137387387387387,0.0493827160493827,0.1666666666666666,0,1,1,0,1,1,0,0,0,1,0,0,0,0,0,0,0.4166666666666666,0.2121212121212121,0.3333333333333333,0,0,1,0.6001036795666556,0.1623379604919349,0.0401403897581863,-0.33704898387701,39.4688708034043,0.0913348946135831,76
9785,183000,0.1036036036036036,0.0493827160493827,0.1666666666666666,0,1,1,0,0,0,0,0,0,1,0,0,0,0,0,0,0.4166666666666666,0.2121212121212121,0.3333333333333333,0,0,1,0.6140364944596322,0.1665602535006189,0.0359194821878862,-0.336137054481563,39.4687057630224,0.1077283372365339,76
9799,270000,0.1824324324324324,0.0493827160493827,0.25,0,1,1,0,0,0,0,0,0,1,0,0,0,0,0,0,0.3333333333333333,0.2121212121212121,0.5555555555555556,0,0,1,0.5852999099901063,0.1596474474977219,0.0452063921891834,-0.338020355898246,39.4690011633308,0.0679156908665105,76
9802,149000,0.1036036036036036,0.0493827160493827,0.1666666666666666,0,1,1,0,1,0,1,0,0,0,0,0,0,0,0,0,0.5833333333333334,0.2121212121212121,0.3333333333333333,0,0,1,0.6045228787176766,0.1722064180340251,0.0346370359624067,-0.336751105183978,39.4690621694655,0.0913348946135831,76
9809,184000,0.1036036036036036,0.0493827160493827,0.1666666666666666,0,1,1,0,1,0,0,0,0,1,0,0,0,0,0,0,0.4166666666666666,0.2121212121212121,0.3333333333333333,0,0,1,0.5957069311180643,0.1671254550336651,0.0382609728410712,-0.337332442278277,39.4690574734066,0.1077283372365339,76
14697,160000,0.0743243243243243,0.037037037037037,0.1666666666666666,1,1,0,0,0,0,0,1,0,0,0,0,0,0,0,0,0.3333333333333333,0.1515151515151515,0.2222222222222222,0,0,1,0.6415052534560791,0.3033939247721249,0.0414206418563369,-0.334397410240926,39.4719540617858,0.126463700234192,76
14831,82000,0.0698198198198198,0.037037037037037,0.0833333333333333,0,0,0,0,0,0,0,0,0,1,0,0,0,0,0,0,0.3333333333333333,0.0909090909090909,0.3333333333333333,0,0,1,0.622869013832063,0.2713971410994231,0.026199440021717,-0.33560527899351,39.4716754649643,0.0772833723653395,76
14832,112000,0.0484234234234234,0.037037037037037,0.0833333333333333,0,1,0,0,0,0,0,1,0,1,0,0,0,0,0,0,0.1666666666666666,0.2121212121212121,0.3333333333333333,0,0,1,0.6194057232565705,0.284919891543798,0.0437329675580616,-0.335920016775588,39.4725655371725,0.1124121779859484,76
14833,225000,0.1362612612612612,0.0493827160493827,0.1666666666666666,1,1,1,0,1,0,1,0,0,1,0,0,0,0,0,0,0.1666666666666666,0.4242424242424242,0.5555555555555556,0,0,1,0.6041464880400287,0.1914547449895677,0.0235872777154539,-0.336766028169566,39.4695850185498,0.0562060889929742,76
14834,158000,0.1137387387387387,0.037037037037037,0.1666666666666666,0,1,1,0,0,0,1,0,0,1,0,0,0,0,0,0,0.3333333333333333,0.1515151515151515,0.1111111111111111,0,0,1,0.6370574518596138,0.2812818984337801,0.0287918247055199,-0.334650300595076,39.4714193381883,0.0960187353629976,76
14835,159000,0.0855855855855855,0.0493827160493827,0.1666666666666666,0,1,1,0,0,0,0,1,0,1,0,0,0,0,0,0,0.3333333333333333,0.303030303030303,0.4444444444444444,0,0,1,0.5831614528230977,0.1745379320013438,0.0215798629318347,-0.338151307463807,39.4701392647342,0.1007025761124121,76
14836,141000,0.0968468468468468,0.0493827160493827,0.1666666666666666,0,1,0,0,0,1,1,0,0,0,0,0,0,0,0,0,0.4166666666666666,0.1515151515151515,0.2222222222222222,0,0,1,0.6348018309543426,0.2801556176519966,0.028481100787684,-0.334800587199746,39.4714408025583,0.117096018735363,76
14837,125000,0.0698198198198198,0.037037037037037,0.0833333333333333,0,0,1,0,0,0,1,1,0,0,0,0,0,0,0,0,0.1666666666666666,0.1515151515151515,0.2222222222222222,0,0,1,0.6207479208619074,0.3471460645156435,0.0897468172893603,-0.336224194793318,39.4749508166467,0.1241217798594847,76
14838,46000,0.0551801801801801,0.037037037037037,0.0833333333333333,0,0,0,0,0,0,0,0,0,0,0,0,0,0,0,0,0.4166666666666666,0.1515151515151515,0.2222222222222222,0,0,1,0.6450900637180598,0.3637744223220902,0.0882703274967447,-0.334480527362152,39.4743432830928,0.1241217798594847,76
14839,198000,0.1081081081081081,0.037037037037037,0.1666666666666666,1,1,1,0,0,0,0,0,0,1,0,0,0,0,0,0,0.4166666666666666,0.303030303030303,0.5555555555555556,0,0,1,0.5776650230798279,0.1645768789902042,0.0255594881046453,-0.338513032509005,39.4701025060348,0.0772833723653395,76
14840,73000,0.0563063063063063,0.037037037037037,0.0833333333333333,0,0,1,0,0,1,0,0,0,1,0,0,0,0,0,0,0.1666666666666666,0.1515151515151515,0.2222222222222222,0,0,1,0.6539483547623761,0.3947436909002723,0.1071573140124013,-0.334043788231634,39.4751260327855,0.1241217798594847,76
14841,41000,0.0563063063063063,0.0246913580246913,0.0833333333333333,0,0,0,0,0,0,0,0,0,0,0,0,0,0,0,0,0.3333333333333333,0.0606060606060606,0.2222222222222222,0,0,1,0.6185825256099186,0.3322785850675718,0.079908812766123,-0.336276212296829,39.474501572259,0.1241217798594847,76
14842,376000,0.1317567567567567,0.037037037037037,0.25,1,1,1,0,0,1,0,1,0,1,0,0,0,1,0,0,0.5833333333333334,0.1818181818181818,0.5555555555555556,0,0,1,0.6333609669420887,0.2612128700792389,0.0172994108828707,-0.334866628773818,39.4709288191318,0.0398126463700234,76
14843,99000,0.0653153153153153,0.0246913580246913,0.0833333333333333,0,1,0,0,0,1,0,0,0,0,0,0,0,0,0,0,0.1666666666666666,0.4242424242424242,0.5555555555555556,0,1,0,0.6268740456800596,0.2187433267865619,0.0067070103418978,-0.335267528306593,39.4698659727526,0.0655737704918032,76
14844,318000,0.1137387387387387,0.037037037037037,0.1666666666666666,0,1,1,1,0,0,1,1,0,1,0,0,0,0,0,0,0.6666666666666666,0.2727272727272727,0.2222222222222222,0,0,1,0.6096262817111889,0.1722148423932764,0.0334868236359548,-0.336417762303693,39.4689644421215,0.0608899297423887,76
14845,127000,0.0585585585585585,0.037037037037037,0.0833333333333333,0,1,0,0,1,1,0,0,0,1,0,0,0,0,0,0,0.25,0.2121212121212121,0.3333333333333333,0,0,1,0.6113466608453929,0.2657943506575606,0.0335470435932832,-0.336419808538117,39.4722616881513,0.1124121779859484,76
14846,78000,0.0518018018018018,0.0246913580246913,0.0833333333333333,0,0,1,0,0,0,0,0,0,1,0,0,0,0,0,0,0.0833333333333333,0.1515151515151515,0.2222222222222222,0,0,1,0.6179939882247186,0.3228494562717006,0.0731374378206336,-0.336253736908836,39.4741767425662,0.1241217798594847,76
14847,79000,0.0855855855855855,0.0493827160493827,0.0833333333333333,0,0,0,0,0,0,1,1,0,1,0,0,0,0,0,0,0.1666666666666666,0.1212121212121212,0.3333333333333333,0,1,0,0.6428088828638128,0.3515364773302645,0.0797662449993462,-0.334564990697243,39.4739578449293,0.1241217798594847,76
14848,72000,0.0596846846846846,0.037037037037037,0.0833333333333333,1,0,1,0,1,1,0,0,0,1,0,0,0,0,0,0,0.25,0.1212121212121212,0.2222222222222222,0,0,1,0.6376890201624619,0.3724117752204922,0.0994544435197963,-0.335125608135605,39.4751058031044,0.1241217798594847,76
14849,66000,0.0563063063063063,0.0246913580246913,0.0833333333333333,0,0,0,0,0,0,0,1,0,0,0,0,0,0,0,0,0.1666666666666666,0.0606060606060606,0.2222222222222222,0,0,1,0.6281200752497068,0.3401142067986905,0.0804241222444111,-0.335608447103592,39.4743331149377,0.1241217798594847,76
14850,107000,0.0563063063063063,0.037037037037037,0.0833333333333333,0,1,0,0,0,0,0,1,0,0,0,0,0,0,0,0,0.1666666666666666,0.2121212121212121,0.4444444444444444,0,0,1,0.6187404128471871,0.3022546881462681,0.0570784285627249,-0.336065021822014,39.4733346040569,0.1124121779859484,76
14851,242000,0.1396396396396396,0.037037037037037,0.1666666666666666,0,1,0,0,0,0,1,0,1,1,0,0,0,0,0,0,0.4999999999999999,0.4242424242424242,0.5555555555555556,0,0,1,0.6235680616150456,0.2181873708684387,0.0067041685662552,-0.335485772846478,39.4699340382008,0.0608899297423887,76
14852,112000,0.0743243243243243,0.037037037037037,0.0833333333333333,0,0,1,0,0,0,0,1,0,0,0,0,0,0,0,0,0.0833333333333333,0.1818181818181818,0.3333333333333333,0,0,1,0.6193079800924385,0.2889412870446889,0.0469963346968054,-0.335947986982321,39.4727463531488,0.1124121779859484,76
14853,116000,0.072072072072072,0.037037037037037,0.0833333333333333,0,1,0,0,0,0,0,1,0,0,0,0,0,0,0,0,0.1666666666666666,0.1818181818181818,0.3333333333333333,0,0,1,0.6273489793866306,0.3070873442871249,0.0551080182466452,-0.335449564072304,39.4730141964978,0.1124121779859484,76
14854,60000,0.0518018018018018,0.0246913580246913,0.0833333333333333,0,0,0,0,0,0,0,0,0,0,0,0,0,0,0,0,0.3333333333333333,0.1515151515151515,0.2222222222222222,0,0,1,0.6444802605315992,0.3948189401024127,0.1125873665508887,-0.334791407839516,39.475638662505,0.1241217798594847,76
14855,206000,0.1081081081081081,0.037037037037037,0.1666666666666666,1,1,1,0,0,0,0,0,0,1,0,0,0,0,0,0,0.5833333333333334,0.2121212121212121,0.5555555555555556,0,0,1,0.5716133841526825,0.153074256785689,0.0312945056336756,-0.338910969269122,39.470030540448,0.0702576112412178,76
14856,70000,0.0304054054054054,0.0246913580246913,0.0833333333333333,0,0,1,0,0,0,0,0,0,0,0,0,0,0,0,0,0.4166666666666666,0.1212121212121212,0.2222222222222222,0,0,1,0.6281424413770078,0.278124540978705,0.0274874279448968,-0.335249042408055,39.4715682005318,0.1241217798594847,76
14857,205000,0.1081081081081081,0.037037037037037,0.1666666666666666,1,1,1,0,0,0,1,0,0,1,0,0,0,0,0,0,0.4166666666666666,0.2121212121212121,0.5555555555555556,0,0,1,0.5832899217159325,0.1626739398209334,0.0354240934774623,-0.338141865513293,39.4694724013875,0.0702576112412178,76
14858,95000,0.0822072072072072,0.037037037037037,0.0833333333333333,0,0,0,0,0,1,0,0,0,0,0,0,0,0,0,0,0.4166666666666666,0.1212121212121212,0.2222222222222222,0,0,1,0.6165200502032374,0.1832820522017607,0.0264102494591045,-0.335958673287192,39.4691160760139,0.1639344262295081,76
14859,398000,0.1418918918918918,0.037037037037037,0.1666666666666666,1,1,1,1,0,1,0,1,0,1,0,0,0,0,0,0,0.5833333333333334,0.1818181818181818,0.5555555555555556,0,0,1,0.6390472163725973,0.2841138010989049,0.030287915741078,-0.334521178664076,39.4714524115082,0.0421545667447306,76
14860,137000,0.0698198198198198,0.0493827160493827,0.3333333333333333,0,0,1,0,0,0,0,0,0,1,0,0,0,0,0,0,0.1666666666666666,0.0606060606060606,0.2222222222222222,0,0,1,0.6246932180900374,0.3044955997046304,0.0556520947841799,-0.335633321066563,39.4730724622253,0.1241217798594847,76
14861,129000,0.0698198198198198,0.0493827160493827,0.3333333333333333,0,0,1,0,0,0,0,0,0,1,0,0,0,0,0,0,0.1666666666666666,0.1515151515151515,0.3333333333333333,0,0,1,0.6109951305287465,0.2511854600115223,0.0226220254370935,-0.336385783323537,39.471630296516,0.1241217798594847,76
14862,216000,0.1362612612612612,0.0493827160493827,0.1666666666666666,1,1,1,0,1,0,1,0,0,1,0,0,0,0,0,0,0.1666666666666666,0.4242424242424242,0.5555555555555556,0,0,1,0.6142689795808889,0.1879565127476217,0.0243032370333389,-0.33610277309972,39.469299554181,0.0562060889929742,76
14863,82000,0.0686936936936936,0.037037037037037,0.0833333333333333,0,0,1,0,1,1,0,0,0,0,0,0,0,0,0,0,0.1666666666666666,0.1212121212121212,0.2222222222222222,0,0,1,0.6323363767818659,0.3433619745067869,0.0808083117095684,-0.335309922795446,39.4742361825469,0.1241217798594847,76
14864,111000,0.0574324324324324,0.037037037037037,0.0833333333333333,0,0,1,0,0,0,0,0,0,1,0,0,0,0,0,0,0.25,0.1212121212121212,0.2222222222222222,0,0,1,0.6411482563612131,0.3574694755415588,0.0862011687543168,-0.334737407186374,39.474313140192,0.1241217798594847,76
14865,124000,0.0968468468468468,0.037037037037037,0.0833333333333333,1,1,0,0,0,1,1,0,0,1,0,0,0,0,0,0,0.75,0.1818181818181818,0.5555555555555556,0,0,1,0.609169830644107,0.2693000224359878,0.0373494572214186,-0.336594978468851,39.4725449739944,0.1217798594847775,76
14866,80000,0.0698198198198198,0.037037037037037,0.0833333333333333,0,0,0,0,0,0,1,0,0,1,0,0,0,0,0,0,0.3333333333333333,0.0606060606060606,0.2222222222222222,0,0,1,0.6242572882928012,0.2933479962583147,0.0458120085537103,-0.335604388738168,39.4726123532809,0.1030444964871194,76
14867,74000,0.0518018018018018,0.037037037037037,0.0833333333333333,0,0,1,0,0,0,0,0,0,0,0,0,0,0,0,0,0.1666666666666666,0.0909090909090909,0.2222222222222222,0,0,1,0.6444670884866752,0.3869658281688173,0.1069810201889446,-0.334721795774138,39.4753307689891,0.1241217798594847,76
14868,138000,0.0743243243243243,0.037037037037037,0.0833333333333333,0,1,1,0,0,1,1,0,0,1,0,0,1,0,0,0,0.6666666666666666,0.2424242424242424,0.5555555555555556,0,0,1,0.6068213149517334,0.2150089158790043,0.0104128425701465,-0.336592392992261,39.4701756160841,0.1030444964871194,76
14869,162000,0.0855855855855855,0.0493827160493827,0.1666666666666666,0,1,1,0,0,0,0,1,0,1,0,0,0,0,0,0,0.3333333333333333,0.303030303030303,0.4444444444444444,0,0,1,0.5839950938823294,0.1927605508776408,0.0091070372221238,-0.338121790610194,39.4709133405484,0.1007025761124121,76
14870,204000,0.1081081081081081,0.037037037037037,0.1666666666666666,1,1,1,0,0,0,1,0,0,1,0,0,0,0,0,0,0.4999999999999999,0.303030303030303,0.5555555555555556,0,0,1,0.5764704025303461,0.1679578322417231,0.022562528869044,-0.338596672873718,39.4703476576865,0.0702576112412178,76
14871,105000,0.0878378378378378,0.0493827160493827,0.0833333333333333,0,0,1,0,0,1,0,0,0,1,0,0,0,0,0,0,0.1666666666666666,0.1212121212121212,0.2222222222222222,0,0,1,0.6103294008105405,0.1714119143655712,0.0336974489500931,-0.336372684068398,39.4689273739253,0.1475409836065573,76
14872,171000,0.1058558558558558,0.037037037037037,0.1666666666666666,0,1,1,0,0,0,1,0,0,1,0,0,0,0,0,0,0.1666666666666666,0.1818181818181818,0.5555555555555556,0,0,1,0.6259108212102493,0.2880410252624456,0.0388959987750377,-0.335455542111002,39.4722485909287,0.0421545667447306,76
14873,63000,0.0686936936936936,0.037037037037037,0.0833333333333333,0,0,1,0,0,0,0,1,0,1,0,0,0,0,0,0,0.4999999999999999,0.1515151515151515,0.2222222222222222,0,0,1,0.6338997493457829,0.2864007576409834,0.0325329062690812,-0.334874320551128,39.4716406858214,0.117096018735363,76
15343,193000,0.1036036036036036,0.0493827160493827,0.1666666666666666,0,1,1,1,0,0,0,0,0,1,0,0,1,0,0,0,0.4166666666666666,0.2121212121212121,0.3333333333333333,0,0,1,0.5994024885136477,0.1579062293043177,0.0426657399801113,-0.337099555772928,39.4687638573241,0.1077283372365339,76
15353,173000,0.1069819819819819,0.0493827160493827,0.1666666666666666,0,1,0,0,0,0,0,0,0,0,0,0,0,0,0,0,0.5833333333333334,0.2121212121212121,0.4444444444444444,0,0,1,0.6034534565181139,0.1628712190189815,0.039965101397648,-0.336829710813823,39.4688297435675,0.0913348946135831,76
15357,209000,0.1024774774774774,0.037037037037037,0.1666666666666666,1,1,1,0,0,0,1,0,0,1,0,0,0,0,0,0,0.5833333333333334,0.2121212121212121,0.2222222222222222,0,0,1,0.5707597542186414,0.1572605508478887,0.0259727944669483,-0.338971384519015,39.4702751600066,0.0702576112412178,76
15487,230000,0.1981981981981982,0.0493827160493827,0.1666666666666666,1,1,1,0,0,0,0,0,0,0,0,0,0,0,0,0,0.1666666666666666,0.4242424242424242,0.5555555555555556,0,0,1,0.5919901253956424,0.2312827072581307,0.0212931786370904,-0.337673443201617,39.472002136246,0.0655737704918032,76
19711,154000,0.1137387387387387,0.037037037037037,0.1666666666666666,0,1,1,0,0,0,1,0,0,1,0,0,0,0,0,0,0.3333333333333333,0.1515151515151515,0.1111111111111111,0,0,1,0.6366660763550561,0.2978644659452935,0.0388883584569266,-0.334713035900091,39.4719072488794,0.0960187353629976,76
19712,246000,0.1103603603603603,0.037037037037037,0.1666666666666666,1,1,1,1,0,1,1,0,1,1,0,0,0,0,0,0,1.0,0.4242424242424242,0.5555555555555556,0,0,1,0.6128528451769713,0.2272875167417583,0.0040178446398553,-0.336199884262922,39.4704098554393,0.063231850117096,76
19713,134000,0.0484234234234234,0.037037037037037,0.0833333333333333,0,1,0,0,0,0,1,0,0,1,0,0,0,0,0,0,0.3333333333333333,0.1212121212121212,0.5555555555555556,0,0,1,0.6210188946398602,0.276998473642434,0.0339856223770055,-0.335763677587615,39.4720934985711,0.1124121779859484,76
19714,78000,0.081081081081081,0.0493827160493827,0.0833333333333333,0,0,0,0,0,0,1,0,0,0,0,0,0,0,0,0,0.25,0.1515151515151515,0.3333333333333333,0,1,0,0.6154563955608192,0.3216812521468958,0.073852839690801,-0.336436810687073,39.4742530088641,0.1241217798594847,76
19715,140000,0.1283783783783783,0.0617283950617283,0.1666666666666666,0,1,1,0,0,0,1,0,0,1,0,0,0,0,0,0,0.4166666666666666,0.1212121212121212,0.3333333333333333,0,0,1,0.6233749680822827,0.2952924348958617,0.0486633129433288,-0.335680186850823,39.4727582309573,0.1100702576112412,76
19716,132000,0.0563063063063063,0.037037037037037,0.0833333333333333,0,1,1,0,0,1,1,0,0,0,0,0,0,0,0,0,0.25,0.2121212121212121,0.3333333333333333,0,0,1,0.6180787535817163,0.2953644487098472,0.0522540911273382,-0.336074296816466,39.473091580776,0.1124121779859484,76
19717,79000,0.0461711711711711,0.037037037037037,0.0833333333333333,0,0,0,0,0,0,0,0,0,1,0,0,0,0,0,0,0.4999999999999999,0.1515151515151515,0.2222222222222222,0,0,1,0.6124547967314595,0.1636569491801288,0.0375737532441335,-0.336243288159017,39.4686631544428,0.117096018735363,76
19718,113000,0.0799549549549549,0.037037037037037,0.0833333333333333,0,1,0,0,0,0,1,1,0,1,0,0,0,0,0,0,0.1666666666666666,0.303030303030303,0.5555555555555556,0,0,1,0.5862340924323087,0.1953266094329103,0.0070349716652841,-0.337972190358231,39.4708738787186,0.0772833723653395,76
19719,132000,0.0563063063063063,0.037037037037037,0.0833333333333333,0,1,0,0,0,0,0,0,0,0,0,0,0,0,0,0,0.25,0.2121212121212121,0.3333333333333333,0,0,1,0.6076347388287477,0.2638503972754138,0.0340453030427787,-0.336681425019107,39.472411824194,0.1124121779859484,76
19720,142000,0.1193693693693693,0.0617283950617283,0.1666666666666666,1,1,1,0,0,0,0,0,0,1,0,0,0,0,0,0,0.4166666666666666,0.1212121212121212,0.3333333333333333,0,0,1,0.6281916907245445,0.3064786201929927,0.0536519994454646,-0.335382974608333,39.4729315909887,0.1100702576112412,76
19721,252000,0.1103603603603603,0.037037037037037,0.1666666666666666,0,1,0,1,1,0,1,1,1,1,0,0,0,0,0,0,1.0,0.4242424242424242,0.5555555555555556,0,0,1,0.621720878849562,0.2211922644387261,0.0066698757053648,-0.335608707847835,39.4700629792404,0.063231850117096,76
19722,94000,0.0495495495495495,0.0246913580246913,0.0833333333333333,0,0,0,0,0,0,0,0,0,0,0,0,0,0,0,0,0.3333333333333333,0.1212121212121212,0.3333333333333333,0,0,1,0.6432038521673686,0.3600910547268419,0.0867018600150918,-0.334598384601328,39.4743009427782,0.1241217798594847,76
19723,145000,0.1306306306306306,0.0617283950617283,0.1666666666666666,0,1,1,0,0,0,0,0,0,1,0,0,0,0,0,0,0.4166666666666666,0.1212121212121212,0.3333333333333333,0,0,1,0.6229821384036807,0.2959550530232132,0.0497409394637843,-0.335712966328416,39.4728130349255,0.1030444964871194,76
19724,217000,0.1362612612612612,0.0493827160493827,0.1666666666666666,1,1,1,0,1,0,1,0,0,1,0,0,0,0,0,0,0.1666666666666666,0.4242424242424242,0.5555555555555556,0,0,1,0.6175782261760117,0.213650245795859,0.0120071176513592,-0.33588061965496,39.4699430908517,0.0562060889929742,76
19725,90000,0.063063063063063,0.037037037037037,0.0833333333333333,0,0,1,0,0,0,0,0,0,0,0,0,0,0,0,0,0.4166666666666666,0.1515151515151515,0.2222222222222222,0,0,1,0.6038055836349467,0.164086936053743,0.0392980245577989,-0.336805454767828,39.4688562139209,0.1358313817330211,76
19726,130000,0.0585585585585585,0.037037037037037,0.0833333333333333,0,1,0,0,1,1,0,0,0,1,0,0,0,0,0,0,0.25,0.2121212121212121,0.3333333333333333,0,0,1,0.6044654986947894,0.2629769380141269,0.0355905585421093,-0.336908201873438,39.4725611612469,0.1124121779859484,76
19727,93000,0.0551801801801801,0.037037037037037,0.0833333333333333,0,0,0,0,0,0,0,0,0,0,0,0,0,0,0,0,0.1666666666666666,0.0606060606060606,0.2222222222222222,0,0,1,0.6291014708513021,0.3409243233450161,0.0805353182656965,-0.335539451078744,39.4743135154846,0.1241217798594847,76
19728,183000,0.081081081081081,0.037037037037037,0.0833333333333333,0,1,1,0,0,0,0,1,0,0,0,0,0,0,0,0,0.4166666666666666,0.2121212121212121,0.2222222222222222,0,0,1,0.5740744760890392,0.1769112215992095,0.0136923067238926,-0.338774195987302,39.470874230335,0.0866510538641686,76
19729,80000,0.0461711711711711,0.037037037037037,0.0833333333333333,0,0,0,0,0,0,0,0,0,1,0,0,0,0,0,0,0.4999999999999999,0.1515151515151515,0.2222222222222222,0,0,1,0.6226881181989153,0.1883094104885605,0.0243492411363435,-0.335552561660722,39.4690977566582,0.117096018735363,76
19730,172000,0.0934684684684684,0.037037037037037,0.1666666666666666,0,1,1,1,0,0,1,0,0,1,0,0,0,0,0,0,0.25,0.1212121212121212,0.5555555555555556,0,0,1,0.6335572391461942,0.282681438268041,0.0303315660193203,-0.334889714126912,39.4715419427483,0.0304449648711943,76
19732,111000,0.0912162162162162,0.037037037037037,0.0833333333333333,1,1,0,0,0,1,0,0,0,0,0,0,0,0,0,0,0.3333333333333333,0.0909090909090909,0.5555555555555556,0,0,1,0.6170207750044808,0.2970070838152781,0.0540513118612936,-0.336162397100815,39.4732197226857,0.0374707259953161,76
19733,63000,0.0608108108108108,0.0246913580246913,0.0833333333333333,0,0,0,0,0,0,1,0,0,0,0,0,0,0,0,0,0.0833333333333333,0.0909090909090909,0.2222222222222222,0,0,1,0.629311858878912,0.3193351939552692,0.0640968473839229,-0.335376033518887,39.4734179035835,0.1241217798594847,76
19735,187000,0.0889639639639639,0.0493827160493827,0.1666666666666666,0,1,0,0,0,0,0,0,0,1,0,0,0,0,0,0,0.25,0.2121212121212121,0.5555555555555556,0,0,1,0.5859527701703544,0.1826025537086674,0.016930703851242,-0.337970588016521,39.4703062912035,0.0655737704918032,76
19736,162000,0.0878378378378378,0.037037037037037,0.1666666666666666,0,1,0,0,0,0,0,0,0,0,0,0,0,0,0,0,0.1666666666666666,0.2121212121212121,0.3333333333333333,0,0,1,0.6353791201120568,0.3233680861316768,0.0617688926156197,-0.334942616684043,39.4732007635347,0.1007025761124121,76
19737,46000,0.0551801801801801,0.0123456790123456,0.0833333333333333,0,0,0,0,0,0,0,0,0,0,0,0,0,0,0,0,0.4166666666666666,0.1515151515151515,0.2222222222222222,0,0,1,0.6468347793935383,0.3522895281482749,0.0771818925523732,-0.334260012170527,39.4737256308148,0.1241217798594847,76
19738,97000,0.0518018018018018,0.0,0.0,0,0,0,0,1,0,0,0,0,1,0,0,0,0,0,0,0.3333333333333333,0.1515151515151515,0.2222222222222222,0,1,0,0.6401919587181931,0.3490919202025833,0.0798874597294908,-0.334748749315021,39.4740161121071,0.1241217798594847,76
19739,77000,0.0461711711711711,0.037037037037037,0.0833333333333333,0,0,0,0,0,0,0,0,0,1,0,0,0,0,0,0,0.4999999999999999,0.1515151515151515,0.2222222222222222,0,0,1,0.6198078465206726,0.1999505216277292,0.0169546778228362,-0.335734524612933,39.4695073219244,0.1124121779859484,76
19740,189000,0.1024774774774774,0.037037037037037,0.1666666666666666,0,1,0,1,0,1,0,0,0,1,0,0,0,0,0,0,0.25,0.1515151515151515,0.2222222222222222,0,0,1,0.6267258589563277,0.1873069308551634,0.0270703865618546,-0.335290959777374,39.4689476184994,0.1358313817330211,76
19741,255000,0.1328828828828828,0.0493827160493827,0.1666666666666666,0,1,1,0,0,0,1,0,0,1,0,0,0,0,0,0,0.5833333333333334,0.1818181818181818,0.4444444444444444,0,0,1,0.5711027330191143,0.1618570537647357,0.0222283931775901,-0.338953252171063,39.4704459109466,0.0866510538641686,76
19742,146000,0.072072072072072,0.0246913580246913,0.0833333333333333,0,1,1,1,0,0,0,0,0,0,0,0,0,0,0,0,0.75,0.2727272727272727,0.1111111111111111,0,0,1,0.6043907608604812,0.2301086771697373,0.0135544305595599,-0.336788257237095,39.4711350315431,0.0796252927400468,76
19743,244000,0.1103603603603603,0.037037037037037,0.1666666666666666,1,1,1,1,1,1,1,1,1,1,0,0,0,0,0,0,1.0,0.4242424242424242,0.5555555555555556,0,0,1,0.6237438186469484,0.226562610467514,0.0038987423125801,-0.335476840402159,39.4701680606348,0.063231850117096,76
19744,193000,0.1193693693693693,0.037037037037037,0.1666666666666666,0,1,1,1,0,0,0,0,1,1,0,0,0,0,0,0,0.3333333333333333,0.0303030303030303,0.0,0,0,1,0.6236867504166818,0.2540304304325181,0.0149664854788484,-0.335505360414857,39.470943466164,0.0327868852459016,76
19745,168000,0.0822072072072072,0.037037037037037,0.1666666666666666,0,1,1,0,0,0,0,1,0,1,0,0,0,0,0,0,0.25,0.2121212121212121,0.5555555555555556,0,0,1,0.6109702193240601,0.2811258114177118,0.0454447799510925,-0.336522485520696,39.4729216794776,0.018735362997658,76
19746,129000,0.0912162162162162,0.0493827160493827,0.0833333333333333,0,1,0,0,0,0,0,0,0,0,0,0,0,0,0,0,0.4999999999999999,0.1212121212121212,0.3333333333333333,0,0,1,0.6293786254273966,0.293095088084282,0.0400272365672531,-0.335223958906394,39.4722252631797,0.1007025761124121,76
19747,94000,0.0743243243243243,0.037037037037037,0.0833333333333333,0,0,0,0,0,0,0,0,0,0,0,0,0,0,0,0,0.0833333333333333,0.1818181818181818,0.3333333333333333,0,0,1,0.6245522369625398,0.3076936645994603,0.0583488257985921,-0.335662664939938,39.4732172748013,0.1124121779859484,76
19748,81000,0.0461711711711711,0.037037037037037,0.0833333333333333,0,0,0,0,0,0,0,0,0,1,0,0,0,0,0,0,0.4999999999999999,0.1515151515151515,0.2222222222222222,0,0,1,0.6214366729121081,0.1747852288858511,0.0324585319091992,-0.335647593515781,39.4687395858384,0.117096018735363,76
19749,132000,0.0574324324324324,0.037037037037037,0.0833333333333333,0,1,0,0,0,0,0,0,0,0,0,0,0,0,0,0,0.25,0.2121212121212121,0.4444444444444444,0,0,1,0.6184028569105082,0.2923358809779063,0.0498477687917207,-0.336033338476014,39.4729465020383,0.018735362997658,76
19750,179000,0.1204954954954954,0.0493827160493827,0.1666666666666666,0,1,1,0,0,0,0,1,0,1,0,0,0,0,0,0,0.25,0.2121212121212121,0.5555555555555556,0,0,1,0.6056709676507398,0.23997225891233,0.0177635064799478,-0.336727724045552,39.4715030026035,0.0608899297423887,76
20155,179000,0.1036036036036036,0.0493827160493827,0.1666666666666666,0,1,1,0,1,0,0,0,0,1,0,0,0,0,0,0,0.4166666666666666,0.2424242424242424,0.4444444444444444,0,0,1,0.5872357707233193,0.1561471327623844,0.0472104434433933,-0.33789810451587,39.4688542229704,0.0679156908665105,76
20175,192000,0.1081081081081081,0.0493827160493827,0.1666666666666666,0,1,1,0,1,0,1,0,0,1,0,0,0,0,0,0,0.4166666666666666,0.2121212121212121,0.3333333333333333,0,0,1,0.6016907729412635,0.1648791443025995,0.0386806042749014,-0.336942750326734,39.4689134127255,0.0913348946135831,76
24629,129000,0.0731981981981982,0.0493827160493827,0.0833333333333333,0,1,0,0,0,0,0,0,1,0,0,0,0,0,0,0,0.1666666666666666,0.1515151515151515,0.2222222222222222,0,0,1,0.6429231649162732,0.3079058818282849,0.0439478335424452,-0.33431233496731,39.4720512063625,0.126463700234192,76
24710,156000,0.0822072072072072,0.037037037037037,0.1666666666666666,0,1,1,0,0,0,0,0,0,1,0,0,0,0,0,0,0.25,0.2121212121212121,0.5555555555555556,0,0,1,0.6085706905507606,0.2834061343848096,0.0488864748555006,-0.336711675124239,39.4731422253091,0.018735362997658,76
24711,69000,0.0574324324324324,0.037037037037037,0.0833333333333333,0,0,0,0,0,0,0,0,0,1,0,0,0,0,0,0,0.4999999999999999,0.1515151515151515,0.2222222222222222,0,0,1,0.6294452116953131,0.3732674501010075,0.1041622672988066,-0.335772144952584,39.4755260211071,0.1241217798594847,76
24712,69000,0.0506756756756756,0.0246913580246913,0.0833333333333333,0,0,0,0,1,0,0,0,0,0,0,0,0,0,0,1,0.4166666666666666,0.0909090909090909,0.2222222222222222,0,0,1,0.63122594035018,0.3675543532507312,0.0990414434835217,-0.335585701212974,39.4752334668636,0.1241217798594847,76
24713,75000,0.0574324324324324,0.037037037037037,0.0833333333333333,0,0,0,0,0,0,0,0,0,1,0,0,0,0,0,0,0.0833333333333333,0.0606060606060606,0.2222222222222222,0,0,1,0.6348645798929204,0.3354590694192718,0.0728841596378866,-0.33506067450082,39.4737620125915,0.1241217798594847,76
24714,153000,0.0608108108108108,0.0246913580246913,0.0833333333333333,0,1,1,0,0,0,1,1,0,1,0,0,0,0,0,0,0.4166666666666666,0.1818181818181818,0.5555555555555556,0,0,1,0.64332003655421,0.3150196194342045,0.0481232950283717,-0.334304772857266,39.4722492250844,0.0327868852459016,76
24715,222000,0.1069819819819819,0.0493827160493827,0.1666666666666666,1,1,1,0,1,0,0,0,0,1,0,0,0,0,0,0,0.1666666666666666,0.4242424242424242,0.5555555555555556,0,0,1,0.6209567807708021,0.2177384408992765,0.008229765724481,-0.335658252288227,39.4699830365039,0.0655737704918032,76
24716,125000,0.0968468468468468,0.037037037037037,0.0833333333333333,1,1,0,0,0,1,1,0,0,1,0,0,0,0,0,0,0.75,0.1818181818181818,0.5555555555555556,0,0,1,0.6266338389638184,0.2995142443803163,0.0489049741723661,-0.335460559058736,39.4727261690327,0.1217798594847775,76
24717,193000,0.1103603603603603,0.037037037037037,0.1666666666666666,0,1,0,1,1,0,0,0,0,1,0,0,0,0,0,0,1.0,0.4242424242424242,0.5555555555555556,0,0,1,0.6156632264090507,0.2032215406883518,0.0168213790282323,-0.336006368702638,39.4696937288648,0.063231850117096,76
24718,173000,0.1193693693693693,0.0493827160493827,0.1666666666666666,0,0,0,0,0,0,0,0,0,0,0,0,0,0,0,0,0.25,0.2121212121212121,0.5555555555555556,0,0,1,0.6038074196802152,0.2467301045773691,0.0229908792399841,-0.336885785721072,39.4719300357752,0.0608899297423887,76
24719,181000,0.1193693693693693,0.037037037037037,0.1666666666666666,0,1,1,0,0,0,0,0,0,1,0,0,0,0,0,0,0.1666666666666666,0.2121212121212121,0.2222222222222222,0,0,1,0.6132802898511072,0.2629548167852343,0.0308853458126264,-0.336266836518221,39.4720059370939,0.0913348946135831,76
24720,172000,0.0912162162162162,0.0246913580246913,0.1666666666666666,1,1,0,0,0,0,0,0,0,0,0,0,0,0,0,0,0.4166666666666666,0.4242424242424242,0.5555555555555556,0,0,1,0.614519914942377,0.2171157620195033,0.011152743847477,-0.336083817159999,39.4701008976342,0.0702576112412178,76
24723,133000,0.0855855855855855,0.0493827160493827,0.0833333333333333,0,1,0,0,0,0,0,0,0,0,0,0,0,0,0,0,0.4999999999999999,0.2121212121212121,0.3333333333333333,0,0,1,0.6366514342379861,0.3197409876549011,0.0573932643939654,-0.334824489223407,39.4729458097586,0.1053864168618267,76
24724,165000,0.0574324324324324,0.0246913580246913,0.1666666666666666,0,1,1,1,0,1,0,0,0,1,0,1,0,0,0,0,0.3333333333333333,0.3939393939393939,0.5555555555555556,0,0,1,0.6078482865864164,0.299739587644515,0.06225767733779,-0.336861154311777,39.4737942802013,0.0163934426229508,76
24725,179000,0.1204954954954954,0.0493827160493827,0.1666666666666666,0,1,0,0,0,0,0,1,0,1,0,0,0,0,0,0,0.25,0.2121212121212121,0.5555555555555556,0,0,1,0.6065946687112147,0.2419948909378,0.0189185227967363,-0.336668626729504,39.4715286744024,0.0608899297423887,76
24726,183000,0.1193693693693693,0.037037037037037,0.1666666666666666,0,1,1,0,0,1,0,1,0,1,0,0,0,0,0,0,0.1666666666666666,0.1818181818181818,0.5555555555555556,0,0,1,0.6238267345220901,0.2850040621124891,0.0383615106087053,-0.335594560833982,39.4722607871868,0.0421545667447306,76
24727,125000,0.0855855855855855,0.0493827160493827,0.0833333333333333,0,1,0,0,0,0,1,0,0,0,0,0,0,0,0,0,0.4166666666666666,0.2121212121212121,0.3333333333333333,0,0,1,0.6452014359451018,0.3342055198216206,0.0630648566515519,-0.334264628770346,39.4729960292326,0.1007025761124121,76
24728,184000,0.1193693693693693,0.037037037037037,0.1666666666666666,0,1,1,0,1,0,0,1,0,1,0,0,0,0,0,0,0.1666666666666666,0.2121212121212121,0.2222222222222222,0,0,1,0.6122675359347097,0.2784771127141257,0.0426037046730855,-0.336413218471356,39.4727390002397,0.0421545667447306,76
24729,156000,0.0653153153153153,0.0246913580246913,0.0833333333333333,0,1,0,0,0,1,0,0,0,0,0,0,0,0,0,0,0.4999999999999999,0.4242424242424242,0.5555555555555556,0,0,1,0.6235163753534144,0.2036790401769157,0.0150220812267677,-0.335489963076621,39.4695197322116,0.0679156908665105,76
24730,177000,0.0675675675675675,0.037037037037037,0.0833333333333333,0,1,0,0,0,0,0,1,0,0,0,0,0,0,0,0,0.4166666666666666,0.4242424242424242,0.5555555555555556,0,0,1,0.6129561638256783,0.2171193098231699,0.0101199056097119,-0.336187305320067,39.4701302961291,0.0702576112412178,76
24731,54000,0.0394144144144144,0.037037037037037,0.0833333333333333,0,0,0,0,0,0,0,0,0,0,0,0,0,0,0,0,0.4166666666666666,0.1515151515151515,0.2222222222222222,0,1,0,0.6179087024325406,0.1768423741159025,0.0302188278901641,-0.335874013059348,39.4688979253826,0.117096018735363,76
24732,74000,0.0574324324324324,0.037037037037037,0.0833333333333333,0,0,1,0,0,0,0,0,0,1,0,0,0,0,0,0,0.0833333333333333,0.0606060606060606,0.2222222222222222,0,0,1,0.6260464907680866,0.3388562128638142,0.0805606523089549,-0.335757366009311,39.4743905817135,0.1241217798594847,76
24733,172000,0.1204954954954954,0.0493827160493827,0.1666666666666666,0,1,0,0,0,0,0,0,0,0,0,0,0,0,0,0,0.25,0.2121212121212121,0.5555555555555556,0,0,1,0.6167019145547885,0.269171501179745,0.0320233286937778,-0.336044462689222,39.4720458832577,0.0608899297423887,76
24734,176000,0.0923423423423423,0.0493827160493827,0.1666666666666666,0,1,1,0,0,1,0,1,0,1,0,0,0,0,0,0,0.25,0.2121212121212121,0.3333333333333333,0,0,1,0.643035270258456,0.3258363354841417,0.0575395501196315,-0.334378432287366,39.4727554039454,0.1053864168618267,76
24735,156000,0.0743243243243243,0.037037037037037,0.1666666666666666,0,1,0,1,0,0,0,0,0,0,0,0,0,0,0,0,0.1666666666666666,0.1212121212121212,0.5555555555555556,0,0,1,0.6303414025782311,0.2827845480097601,0.0299169189185363,-0.335107619786069,39.4716190099117,0.0304449648711943,76
24736,127000,0.0968468468468468,0.037037037037037,0.0833333333333333,0,1,0,0,0,0,1,0,0,0,0,0,0,0,0,0,0.4166666666666666,0.1212121212121212,0.3333333333333333,0,0,1,0.6344608764825802,0.3140808362543103,0.0543252830088852,-0.33495636309645,39.4728407293609,0.1007025761124121,76
24737,52000,0.0394144144144144,0.037037037037037,0.0833333333333333,0,0,0,0,0,0,0,0,0,0,0,0,0,0,0,0,0.4166666666666666,0.1515151515151515,0.2222222222222222,0,1,0,0.6068133641197084,0.1732847824286573,0.0340510058424378,-0.336600479520376,39.4690497086375,0.117096018735363,76
24738,121000,0.0912162162162162,0.0493827160493827,0.0833333333333333,0,1,1,0,0,0,0,0,0,1,0,0,0,0,0,0,0.4999999999999999,0.2121212121212121,0.3333333333333333,0,0,1,0.64332003655421,0.3150196194342045,0.0481232950283717,-0.334304772857266,39.4722492250844,0.1124121779859484,76
24739,74000,0.063063063063063,0.037037037037037,0.0833333333333333,0,0,1,0,0,0,0,0,0,1,0,0,0,0,0,0,0.0833333333333333,0.0606060606060606,0.2222222222222222,0,0,1,0.6328284286932905,0.3330416288202968,0.0726975311824377,-0.335199352491832,39.4737832102743,0.1124121779859484,76
24740,129000,0.0912162162162162,0.0493827160493827,0.0833333333333333,0,1,0,0,0,0,1,0,0,0,0,0,0,0,0,0,0.4999999999999999,0.2121212121212121,0.3333333333333333,0,1,0,0.6345246811581459,0.319295957646776,0.0589376328181245,-0.334982268924719,39.4730755506081,0.1007025761124121,76
24741,135000,0.063063063063063,0.037037037037037,0.0833333333333333,0,1,0,0,0,0,0,0,0,1,0,0,0,0,0,0,0.25,0.2121212121212121,0.3333333333333333,0,0,1,0.6139350926711457,0.2901153741334854,0.0505685345900258,-0.336352337963339,39.4731159717641,0.1124121779859484,76
24742,161000,0.0912162162162162,0.037037037037037,0.1666666666666666,0,1,0,0,0,0,0,0,0,0,0,0,0,0,0,0,0.25,0.2121212121212121,0.5555555555555556,0,0,1,0.6120335474529358,0.281021356237737,0.0447002158031674,-0.336443594271587,39.4728568100796,0.018735362997658,76
24743,254000,0.1542792792792792,0.0493827160493827,0.1666666666666666,0,1,0,0,1,0,0,1,0,1,0,0,0,0,0,0,0.4999999999999999,0.4242424242424242,0.5555555555555556,0,0,1,0.5974587131894756,0.2495754387632889,0.0307354953278014,-0.337355355219382,39.4724182591512,0.0585480093676815,76
24744,73000,0.0574324324324324,0.0246913580246913,0.0833333333333333,0,0,1,0,0,0,0,0,0,0,0,0,0,0,0,0,0.4166666666666666,0.0909090909090909,0.2222222222222222,0,0,1,0.6369096662472388,0.3868471147779001,0.1102841959678541,-0.335312323398117,39.47569565249,0.1241217798594847,76
24746,395000,0.2286036036036036,0.0864197530864197,0.3333333333333333,0,1,1,0,0,0,1,0,0,1,0,0,0,0,0,0,0.3333333333333333,0.2121212121212121,0.5555555555555556,0,0,1,0.5980430236692512,0.1978894249736713,0.0198193992253831,-0.337168649580933,39.4699996383998,0.0655737704918032,76
24747,123000,0.1137387387387387,0.0617283950617283,0.1666666666666666,0,1,1,0,0,0,1,0,0,1,0,0,0,0,0,0,0.4166666666666666,0.1212121212121212,0.4444444444444444,0,1,0,0.6250205410228321,0.2950931830675308,0.0465773023543396,-0.335556903667187,39.4726382907408,0.1030444964871194,76
24748,154000,0.0608108108108108,0.0246913580246913,0.0833333333333333,0,1,1,0,0,0,1,1,0,1,0,0,0,0,0,0,0.4166666666666666,0.1818181818181818,0.5555555555555556,0,0,1,0.6302277139366553,0.2832719118161853,0.030410078426509,-0.335117858714916,39.4716552796634,0.0327868852459016,76
24749,125000,0.0912162162162162,0.0493827160493827,0.0833333333333333,0,1,1,0,0,0,0,0,0,1,0,0,0,0,0,0,0.4999999999999999,0.0303030303030303,0.0,0,0,1,0.6221274497716359,0.2613846016974677,0.0173938994039312,-0.335622800322238,39.4712164210198,0.1124121779859484,76
25124,95000,0.072072072072072,0.037037037037037,0.0833333333333333,0,1,0,0,0,0,0,0,0,0,0,0,0,0,0,0,0.3333333333333333,0.1818181818181818,0.2222222222222222,0,0,1,0.5710917489439085,0.152441241152419,0.0312011476672724,-0.338945465722455,39.470040339129,0.1358313817330211,76
25135,180000,0.1081081081081081,0.0493827160493827,0.1666666666666666,0,1,1,0,1,0,0,1,0,1,0,0,0,0,0,0,0.4166666666666666,0.2121212121212121,0.4444444444444444,0,0,1,0.5928762421317025,0.1595086813739689,0.0430862716155936,-0.337524772778708,39.4688907139056,0.0866510538641686,76
25138,93000,0.072072072072072,0.037037037037037,0.0833333333333333,1,1,0,0,1,1,1,0,0,0,0,0,1,0,0,0,0.3333333333333333,0.2121212121212121,0.2222222222222222,0,1,0,0.5696645380372864,0.1630841459204739,0.0190674720229005,-0.339052624976266,39.4705833176007,0.1358313817330211,76
25152,76000,0.0292792792792792,0.0246913580246913,0.0833333333333333,0,1,1,0,0,1,0,0,0,1,0,0,0,0,0,0,0.0833333333333333,0.1818181818181818,0.2222222222222222,0,0,1,0.5721795876285711,0.1678572724587141,0.0184635015572228,-0.338888323449204,39.47062459902,0.1358313817330211,76
25311,142000,0.0867117117117117,0.0246913580246913,0.1666666666666666,0,1,0,0,0,0,0,0,0,0,0,0,0,0,0,0,0.1666666666666666,0.4242424242424242,0.5555555555555556,0,1,0,0.5966335724955713,0.2343887638772094,0.0185207424931454,-0.337353415232752,39.4718596728049,0.0889929742388758,76
